62,"The Valley                         ",AIA,"窶・                ",595
63,"Saint Johnﾂｴs                      ",ATG,"St John             ",24000
1000,"Taman                              ",IDN,"East Java           ",107000
1001,"Depok                              ",IDN,"Yogyakarta          ",106800
1002,"Citeureup                          ",IDN,"West Java           ",105100
1003,"Pemalang                           ",IDN,"Central Java        ",103500
1004,"Klaten                             ",IDN,"Central Java        ",103300
1005,"Salatiga                           ",IDN,"Central Java        ",103000
1006,"Cibinong                           ",IDN,"West Java           ",101300
1007,"Palangka Raya                      ",IDN,"Kalimantan Tengah   ",99693
1008,"Mojokerto                          ",IDN,"East Java           ",96626
1009,"Purwakarta                         ",IDN,"West Java           ",95900
1010,"Garut                              ",IDN,"West Java           ",95800
1011,"Kudus                              ",IDN,"Central Java        ",95300
1012,"Kendari                            ",IDN,"Sulawesi Tenggara   ",94800
1013,"Jaya Pura                          ",IDN,"West Irian          ",94700
1014,"Gorontalo                          ",IDN,"Sulawesi Utara      ",94058
1015,"Majalaya                           ",IDN,"West Java           ",93200
1016,"Pondok Aren                        ",IDN,"West Java           ",92700
1017,"Jombang                            ",IDN,"East Java           ",92600
1018,"Sunggal                            ",IDN,"Sumatera Utara      ",92300
1019,"Batam                              ",IDN,"Riau                ",91871
1020,"Padang Sidempuan                   ",IDN,"Sumatera Utara      ",91200
1021,"Sawangan                           ",IDN,"West Java           ",91100
1022,"Banyuwangi                         ",IDN,"East Java           ",89900
1023,"Tanjung Pinang                     ",IDN,"Riau                ",89900
1024,"Mumbai (Bombay)                    ",IND,"Maharashtra         ",10500000
1025,"Delhi                              ",IND,"Delhi               ",7206704
1026,"Calcutta [Kolkata]                 ",IND,"West Bengali        ",4399819
1027,"Chennai (Madras)                   ",IND,"Tamil Nadu          ",3841396
1028,"Hyderabad                          ",IND,"Andhra Pradesh      ",2964638
1029,"Ahmedabad                          ",IND,"Gujarat             ",2876710
1030,"Bangalore                          ",IND,"Karnataka           ",2660088
1031,"Kanpur                             ",IND,"Uttar Pradesh       ",1874409
1032,"Nagpur                             ",IND,"Maharashtra         ",1624752
1033,"Lucknow                            ",IND,"Uttar Pradesh       ",1619115
1034,"Pune                               ",IND,"Maharashtra         ",1566651
1035,"Surat                              ",IND,"Gujarat             ",1498817
1036,"Jaipur                             ",IND,"Rajasthan           ",1458483
1037,"Indore                             ",IND,"Madhya Pradesh      ",1091674
1038,"Bhopal                             ",IND,"Madhya Pradesh      ",1062771
1039,"Ludhiana                           ",IND,"Punjab              ",1042740
1040,"Vadodara (Baroda)                  ",IND,"Gujarat             ",1031346
1041,"Kalyan                             ",IND,"Maharashtra         ",1014557
1042,"Madurai                            ",IND,"Tamil Nadu          ",977856
1043,"Haora (Howrah)                     ",IND,"West Bengali        ",950435
1044,"Varanasi (Benares)                 ",IND,"Uttar Pradesh       ",929270
1045,"Patna                              ",IND,"Bihar               ",917243
1046,"Srinagar                           ",IND,"Jammu and Kashmir   ",892506
1047,"Agra                               ",IND,"Uttar Pradesh       ",891790
1048,"Coimbatore                         ",IND,"Tamil Nadu          ",816321
1049,"Thane (Thana)                      ",IND,"Maharashtra         ",803389
1050,"Allahabad                          ",IND,"Uttar Pradesh       ",792858
1051,"Meerut                             ",IND,"Uttar Pradesh       ",753778
1052,"Vishakhapatnam                     ",IND,"Andhra Pradesh      ",752037
1053,"Jabalpur                           ",IND,"Madhya Pradesh      ",741927
1054,"Amritsar                           ",IND,"Punjab              ",708835
1055,"Faridabad                          ",IND,"Haryana             ",703592
1056,"Vijayawada                         ",IND,"Andhra Pradesh      ",701827
1057,"Gwalior                            ",IND,"Madhya Pradesh      ",690765
1058,"Jodhpur                            ",IND,"Rajasthan           ",666279
1059,"Nashik (Nasik)                     ",IND,"Maharashtra         ",656925
1060,"Hubli-Dharwad                      ",IND,"Karnataka           ",648298
1061,"Solapur (Sholapur)                 ",IND,"Maharashtra         ",604215
1062,"Ranchi                             ",IND,"Jharkhand           ",599306
1063,"Bareilly                           ",IND,"Uttar Pradesh       ",587211
1064,"Guwahati (Gauhati)                 ",IND,"Assam               ",584342
1065,"Shambajinagar (Aurangabad)         ",IND,"Maharashtra         ",573272
1066,"Cochin (Kochi)                     ",IND,"Kerala              ",564589
1067,"Rajkot                             ",IND,"Gujarat             ",559407
1068,"Kota                               ",IND,"Rajasthan           ",537371
1069,"Thiruvananthapuram (Trivandrum     ",IND,"Kerala              ",524006
1070,"Pimpri-Chinchwad                   ",IND,"Maharashtra         ",517083
1071,"Jalandhar (Jullundur)              ",IND,"Punjab              ",509510
1072,"Gorakhpur                          ",IND,"Uttar Pradesh       ",505566
1073,"Chandigarh                         ",IND,"Chandigarh          ",504094
1074,"Mysore                             ",IND,"Karnataka           ",480692
1075,"Aligarh                            ",IND,"Uttar Pradesh       ",480520
1076,"Guntur                             ",IND,"Andhra Pradesh      ",471051
1077,"Jamshedpur                         ",IND,"Jharkhand           ",460577
1078,"Ghaziabad                          ",IND,"Uttar Pradesh       ",454156
1079,"Warangal                           ",IND,"Andhra Pradesh      ",447657
1080,"Raipur                             ",IND,"Chhatisgarh         ",438639
1081,"Moradabad                          ",IND,"Uttar Pradesh       ",429214
1082,"Durgapur                           ",IND,"West Bengali        ",425836
1083,"Amravati                           ",IND,"Maharashtra         ",421576
1084,"Calicut (Kozhikode)                ",IND,"Kerala              ",419831
1085,"Bikaner                            ",IND,"Rajasthan           ",416289
1086,"Bhubaneswar                        ",IND,"Orissa              ",411542
1087,"Kolhapur                           ",IND,"Maharashtra         ",406370
1088,"Kataka (Cuttack)                   ",IND,"Orissa              ",403418
1089,"Ajmer                              ",IND,"Rajasthan           ",402700
1090,"Bhavnagar                          ",IND,"Gujarat             ",402338
1091,"Tiruchirapalli                     ",IND,"Tamil Nadu          ",387223
1092,"Bhilai                             ",IND,"Chhatisgarh         ",386159
1093,"Bhiwandi                           ",IND,"Maharashtra         ",379070
1094,"Saharanpur                         ",IND,"Uttar Pradesh       ",374945
1095,"Ulhasnagar                         ",IND,"Maharashtra         ",369077
1096,"Salem                              ",IND,"Tamil Nadu          ",366712
1097,"Ujjain                             ",IND,"Madhya Pradesh      ",362266
1098,"Malegaon                           ",IND,"Maharashtra         ",342595
1099,"Jamnagar                           ",IND,"Gujarat             ",341637
1100,"Bokaro Steel City                  ",IND,"Jharkhand           ",333683
1101,"Akola                              ",IND,"Maharashtra         ",328034
1102,"Belgaum                            ",IND,"Karnataka           ",326399
1103,"Rajahmundry                        ",IND,"Andhra Pradesh      ",324851
1104,"Nellore                            ",IND,"Andhra Pradesh      ",316606
1105,"Udaipur                            ",IND,"Rajasthan           ",308571
1106,"New Bombay                         ",IND,"Maharashtra         ",307297
1107,"Bhatpara                           ",IND,"West Bengali        ",304952
1108,"Gulbarga                           ",IND,"Karnataka           ",304099
1109,"New Delhi                          ",IND,"Delhi               ",301297
1110,"Jhansi                             ",IND,"Uttar Pradesh       ",300850
1111,"Gaya                               ",IND,"Bihar               ",291675
1112,"Kakinada                           ",IND,"Andhra Pradesh      ",279980
1113,"Dhule (Dhulia)                     ",IND,"Maharashtra         ",278317
1114,"Panihati                           ",IND,"West Bengali        ",275990
1115,"Nanded (Nander)                    ",IND,"Maharashtra         ",275083
1116,"Mangalore                          ",IND,"Karnataka           ",273304
1117,"Dehra Dun                          ",IND,"Uttaranchal         ",270159
1118,"Kamarhati                          ",IND,"West Bengali        ",266889
1119,"Davangere                          ",IND,"Karnataka           ",266082
1120,"Asansol                            ",IND,"West Bengali        ",262188
1121,"Bhagalpur                          ",IND,"Bihar               ",253225
1122,"Bellary                            ",IND,"Karnataka           ",245391
1123,"Barddhaman (Burdwan)               ",IND,"West Bengali        ",245079
1124,"Rampur                             ",IND,"Uttar Pradesh       ",243742
1125,"Jalgaon                            ",IND,"Maharashtra         ",242193
1126,"Muzaffarpur                        ",IND,"Bihar               ",241107
1127,"Nizamabad                          ",IND,"Andhra Pradesh      ",241034
1128,"Muzaffarnagar                      ",IND,"Uttar Pradesh       ",240609
1129,"Patiala                            ",IND,"Punjab              ",238368
1130,"Shahjahanpur                       ",IND,"Uttar Pradesh       ",237713
1131,"Kurnool                            ",IND,"Andhra Pradesh      ",236800
1132,"Tiruppur (Tirupper)                ",IND,"Tamil Nadu          ",235661
1133,"Rohtak                             ",IND,"Haryana             ",233400
1134,"South Dum Dum                      ",IND,"West Bengali        ",232811
1135,"Mathura                            ",IND,"Uttar Pradesh       ",226691
1136,"Chandrapur                         ",IND,"Maharashtra         ",226105
1137,"Barahanagar (Baranagar)            ",IND,"West Bengali        ",224821
1138,"Darbhanga                          ",IND,"Bihar               ",218391
1139,"Siliguri (Shiliguri)               ",IND,"West Bengali        ",216950
1140,"Raurkela                           ",IND,"Orissa              ",215489
1141,"Ambattur                           ",IND,"Tamil Nadu          ",215424
1142,"Panipat                            ",IND,"Haryana             ",215218
1143,"Firozabad                          ",IND,"Uttar Pradesh       ",215128
1144,"Ichalkaranji                       ",IND,"Maharashtra         ",214950
1145,"Jammu                              ",IND,"Jammu and Kashmir   ",214737
1146,"Ramagundam                         ",IND,"Andhra Pradesh      ",214384
1147,"Eluru                              ",IND,"Andhra Pradesh      ",212866
1148,"Brahmapur                          ",IND,"Orissa              ",210418
1149,"Alwar                              ",IND,"Rajasthan           ",205086
1150,"Pondicherry                        ",IND,"Pondicherry         ",203065
1151,"Thanjavur                          ",IND,"Tamil Nadu          ",202013
1152,"Bihar Sharif                       ",IND,"Bihar               ",201323
1153,"Tuticorin                          ",IND,"Tamil Nadu          ",199854
1154,"Imphal                             ",IND,"Manipur             ",198535
1155,"Latur                              ",IND,"Maharashtra         ",197408
1156,"Sagar                              ",IND,"Madhya Pradesh      ",195346
1157,"Farrukhabad-cum-Fatehgarh          ",IND,"Uttar Pradesh       ",194567
1158,"Sangli                             ",IND,"Maharashtra         ",193197
1159,"Parbhani                           ",IND,"Maharashtra         ",190255
1160,"Nagar Coil                         ",IND,"Tamil Nadu          ",190084
1161,"Bijapur                            ",IND,"Karnataka           ",186939
1162,"Kukatpalle                         ",IND,"Andhra Pradesh      ",185378
1163,"Bally                              ",IND,"West Bengali        ",184474
1164,"Bhilwara                           ",IND,"Rajasthan           ",183965
1165,"Ratlam                             ",IND,"Madhya Pradesh      ",183375
1166,"Avadi                              ",IND,"Tamil Nadu          ",183215
1167,"Dindigul                           ",IND,"Tamil Nadu          ",182477
1168,"Ahmadnagar                         ",IND,"Maharashtra         ",181339
1169,"Bilaspur                           ",IND,"Chhatisgarh         ",179833
1170,"Shimoga                            ",IND,"Karnataka           ",179258
1171,"Kharagpur                          ",IND,"West Bengali        ",177989
1172,"Mira Bhayandar                     ",IND,"Maharashtra         ",175372
1173,"Vellore                            ",IND,"Tamil Nadu          ",175061
1174,"Jalna                              ",IND,"Maharashtra         ",174985
1175,"Burnpur                            ",IND,"West Bengali        ",174933
1176,"Anantapur                          ",IND,"Andhra Pradesh      ",174924
1177,"Allappuzha (Alleppey)              ",IND,"Kerala              ",174666
1178,"Tirupati                           ",IND,"Andhra Pradesh      ",174369
1179,"Karnal                             ",IND,"Haryana             ",173751
1180,"Burhanpur                          ",IND,"Madhya Pradesh      ",172710
1181,"Hisar (Hissar)                     ",IND,"Haryana             ",172677
1182,"Tiruvottiyur                       ",IND,"Tamil Nadu          ",172562
1183,"Mirzapur-cum-Vindhyachal           ",IND,"Uttar Pradesh       ",169336
1184,"Secunderabad                       ",IND,"Andhra Pradesh      ",167461
1185,"Nadiad                             ",IND,"Gujarat             ",167051
1186,"Dewas                              ",IND,"Madhya Pradesh      ",164364
1187,"Murwara (Katni)                    ",IND,"Madhya Pradesh      ",163431
1188,"Ganganagar                         ",IND,"Rajasthan           ",161482
1189,"Vizianagaram                       ",IND,"Andhra Pradesh      ",160359
1190,"Erode                              ",IND,"Tamil Nadu          ",159232
1191,"Machilipatnam (Masulipatam)        ",IND,"Andhra Pradesh      ",159110
1192,"Bhatinda (Bathinda)                ",IND,"Punjab              ",159042
1193,"Raichur                            ",IND,"Karnataka           ",157551
1194,"Agartala                           ",IND,"Tripura             ",157358
1195,"Arrah (Ara)                        ",IND,"Bihar               ",157082
1196,"Satna                              ",IND,"Madhya Pradesh      ",156630
1197,"Lalbahadur Nagar                   ",IND,"Andhra Pradesh      ",155500
1198,"Aizawl                             ",IND,"Mizoram             ",155240
1199,"Uluberia                           ",IND,"West Bengali        ",155172
1200,"Katihar                            ",IND,"Bihar               ",154367
1201,"Cuddalore                          ",IND,"Tamil Nadu          ",153086
1202,"Hugli-Chinsurah                    ",IND,"West Bengali        ",151806
1203,"Dhanbad                            ",IND,"Jharkhand           ",151789
1204,"Raiganj                            ",IND,"West Bengali        ",151045
1205,"Sambhal                            ",IND,"Uttar Pradesh       ",150869
1206,"Durg                               ",IND,"Chhatisgarh         ",150645
1207,"Munger (Monghyr)                   ",IND,"Bihar               ",150112
1208,"Kanchipuram                        ",IND,"Tamil Nadu          ",150100
1209,"North Dum Dum                      ",IND,"West Bengali        ",149965
1210,"Karimnagar                         ",IND,"Andhra Pradesh      ",148583
1211,"Bharatpur                          ",IND,"Rajasthan           ",148519
1212,"Sikar                              ",IND,"Rajasthan           ",148272
1213,"Hardwar (Haridwar)                 ",IND,"Uttaranchal         ",147305
1214,"Dabgram                            ",IND,"West Bengali        ",147217
1215,"Morena                             ",IND,"Madhya Pradesh      ",147124
1216,"Noida                              ",IND,"Uttar Pradesh       ",146514
1217,"Hapur                              ",IND,"Uttar Pradesh       ",146262
1218,"Bhusawal                           ",IND,"Maharashtra         ",145143
1219,"Khandwa                            ",IND,"Madhya Pradesh      ",145133
1220,"Yamuna Nagar                       ",IND,"Haryana             ",144346
1221,"Sonipat (Sonepat)                  ",IND,"Haryana             ",143922
1222,"Tenali                             ",IND,"Andhra Pradesh      ",143726
1223,"Raurkela Civil Township            ",IND,"Orissa              ",140408
1224,"Kollam (Quilon)                    ",IND,"Kerala              ",139852
1225,"Kumbakonam                         ",IND,"Tamil Nadu          ",139483
1226,"Ingraj Bazar (English Bazar)       ",IND,"West Bengali        ",139204
1227,"Timkur                             ",IND,"Karnataka           ",138903
1228,"Amroha                             ",IND,"Uttar Pradesh       ",137061
1229,"Serampore                          ",IND,"West Bengali        ",137028
1230,"Chapra                             ",IND,"Bihar               ",136877
1231,"Pali                               ",IND,"Rajasthan           ",136842
1232,"Maunath Bhanjan                    ",IND,"Uttar Pradesh       ",136697
1233,"Adoni                              ",IND,"Andhra Pradesh      ",136182
1234,"Jaunpur                            ",IND,"Uttar Pradesh       ",136062
1235,"Tirunelveli                        ",IND,"Tamil Nadu          ",135825
1236,"Bahraich                           ",IND,"Uttar Pradesh       ",135400
1237,"Gadag Betigeri                     ",IND,"Karnataka           ",134051
1238,"Proddatur                          ",IND,"Andhra Pradesh      ",133914
1239,"Chittoor                           ",IND,"Andhra Pradesh      ",133462
1240,"Barrackpur                         ",IND,"West Bengali        ",133265
1241,"Bharuch (Broach)                   ",IND,"Gujarat             ",133102
1242,"Naihati                            ",IND,"West Bengali        ",132701
1243,"Shillong                           ",IND,"Meghalaya           ",131719
1244,"Sambalpur                          ",IND,"Orissa              ",131138
1245,"Junagadh                           ",IND,"Gujarat             ",130484
1246,"Rae Bareli                         ",IND,"Uttar Pradesh       ",129904
1247,"Rewa                               ",IND,"Madhya Pradesh      ",128981
1248,"Gurgaon                            ",IND,"Haryana             ",128608
1249,"Khammam                            ",IND,"Andhra Pradesh      ",127992
1250,"Bulandshahr                        ",IND,"Uttar Pradesh       ",127201
1251,"Navsari                            ",IND,"Gujarat             ",126089
1252,"Malkajgiri                         ",IND,"Andhra Pradesh      ",126066
1253,"Midnapore (Medinipur)              ",IND,"West Bengali        ",125498
1254,"Miraj                              ",IND,"Maharashtra         ",125407
1255,"Raj Nandgaon                       ",IND,"Chhatisgarh         ",125371
1256,"Alandur                            ",IND,"Tamil Nadu          ",125244
1257,"Puri                               ",IND,"Orissa              ",125199
1258,"Navadwip                           ",IND,"West Bengali        ",125037
1259,"Sirsa                              ",IND,"Haryana             ",125000
1260,"Korba                              ",IND,"Chhatisgarh         ",124501
1261,"Faizabad                           ",IND,"Uttar Pradesh       ",124437
1262,"Etawah                             ",IND,"Uttar Pradesh       ",124072
1263,"Pathankot                          ",IND,"Punjab              ",123930
1264,"Gandhinagar                        ",IND,"Gujarat             ",123359
1265,"Palghat (Palakkad)                 ",IND,"Kerala              ",123289
1266,"Veraval                            ",IND,"Gujarat             ",123000
1267,"Hoshiarpur                         ",IND,"Punjab              ",122705
1268,"Ambala                             ",IND,"Haryana             ",122596
1269,"Sitapur                            ",IND,"Uttar Pradesh       ",121842
1270,"Bhiwani                            ",IND,"Haryana             ",121629
1271,"Cuddapah                           ",IND,"Andhra Pradesh      ",121463
1272,"Bhimavaram                         ",IND,"Andhra Pradesh      ",121314
1273,"Krishnanagar                       ",IND,"West Bengali        ",121110
1274,"Chandannagar                       ",IND,"West Bengali        ",120378
1275,"Mandya                             ",IND,"Karnataka           ",120265
1276,"Dibrugarh                          ",IND,"Assam               ",120127
1277,"Nandyal                            ",IND,"Andhra Pradesh      ",119813
1278,"Balurghat                          ",IND,"West Bengali        ",119796
1279,"Neyveli                            ",IND,"Tamil Nadu          ",118080
1280,"Fatehpur                           ",IND,"Uttar Pradesh       ",117675
1281,"Mahbubnagar                        ",IND,"Andhra Pradesh      ",116833
1282,"Budaun                             ",IND,"Uttar Pradesh       ",116695
1283,"Porbandar                          ",IND,"Gujarat             ",116671
1284,"Silchar                            ",IND,"Assam               ",115483
1285,"Berhampore (Baharampur)            ",IND,"West Bengali        ",115144
1286,"Purnea (Purnia)                    ",IND,"Jharkhand           ",114912
1287,"Bankura                            ",IND,"West Bengali        ",114876
1288,"Rajapalaiyam                       ",IND,"Tamil Nadu          ",114202
1289,"Titagarh                           ",IND,"West Bengali        ",114085
1290,"Halisahar                          ",IND,"West Bengali        ",114028
1291,"Hathras                            ",IND,"Uttar Pradesh       ",113285
1292,"Bhir (Bid)                         ",IND,"Maharashtra         ",112434
1293,"Pallavaram                         ",IND,"Tamil Nadu          ",111866
1294,"Anand                              ",IND,"Gujarat             ",110266
1295,"Mango                              ",IND,"Jharkhand           ",110024
1296,"Santipur                           ",IND,"West Bengali        ",109956
1297,"Bhind                              ",IND,"Madhya Pradesh      ",109755
1298,"Gondiya                            ",IND,"Maharashtra         ",109470
1299,"Tiruvannamalai                     ",IND,"Tamil Nadu          ",109196
1300,"Yeotmal (Yavatmal)                 ",IND,"Maharashtra         ",108578
1301,"Kulti-Barakar                      ",IND,"West Bengali        ",108518
1302,"Moga                               ",IND,"Punjab              ",108304
1303,"Shivapuri                          ",IND,"Madhya Pradesh      ",108277
1304,"Bidar                              ",IND,"Karnataka           ",108016
1305,"Guntakal                           ",IND,"Andhra Pradesh      ",107592
1306,"Unnao                              ",IND,"Uttar Pradesh       ",107425
1307,"Barasat                            ",IND,"West Bengali        ",107365
1308,"Tambaram                           ",IND,"Tamil Nadu          ",107187
1309,"Abohar                             ",IND,"Punjab              ",107163
1310,"Pilibhit                           ",IND,"Uttar Pradesh       ",106605
1311,"Valparai                           ",IND,"Tamil Nadu          ",106523
1312,"Gonda                              ",IND,"Uttar Pradesh       ",106078
1313,"Surendranagar                      ",IND,"Gujarat             ",105973
1314,"Qutubullapur                       ",IND,"Andhra Pradesh      ",105380
1315,"Beawar                             ",IND,"Rajasthan           ",105363
1316,"Hindupur                           ",IND,"Andhra Pradesh      ",104651
1317,"Gandhidham                         ",IND,"Gujarat             ",104585
1318,"Haldwani-cum-Kathgodam             ",IND,"Uttaranchal         ",104195
1319,"Tellicherry (Thalassery)           ",IND,"Kerala              ",103579
1320,"Wardha                             ",IND,"Maharashtra         ",102985
1321,"Rishra                             ",IND,"West Bengali        ",102649
1322,"Bhuj                               ",IND,"Gujarat             ",102176
1323,"Modinagar                          ",IND,"Uttar Pradesh       ",101660
1324,"Gudivada                           ",IND,"Andhra Pradesh      ",101656
1325,"Basirhat                           ",IND,"West Bengali        ",101409
1326,"Uttarpara-Kotrung                  ",IND,"West Bengali        ",100867
1327,"Ongole                             ",IND,"Andhra Pradesh      ",100836
1328,"North Barrackpur                   ",IND,"West Bengali        ",100513
1329,"Guna                               ",IND,"Madhya Pradesh      ",100490
1330,"Haldia                             ",IND,"West Bengali        ",100347
1331,"Habra                              ",IND,"West Bengali        ",100223
1332,"Kanchrapara                        ",IND,"West Bengali        ",100194
1333,"Tonk                               ",IND,"Rajasthan           ",100079
1334,"Champdani                          ",IND,"West Bengali        ",98818
1335,"Orai                               ",IND,"Uttar Pradesh       ",98640
1336,"Pudukkottai                        ",IND,"Tamil Nadu          ",98619
1337,"Sasaram                            ",IND,"Bihar               ",98220
1338,"Hazaribag                          ",IND,"Jharkhand           ",97712
1339,"Palayankottai                      ",IND,"Tamil Nadu          ",97662
1340,"Banda                              ",IND,"Uttar Pradesh       ",97227
1341,"Godhra                             ",IND,"Gujarat             ",96813
1342,"Hospet                             ",IND,"Karnataka           ",96322
1343,"Ashoknagar-Kalyangarh              ",IND,"West Bengali        ",96315
1344,"Achalpur                           ",IND,"Maharashtra         ",96216
1345,"Patan                              ",IND,"Gujarat             ",96109
1346,"Mandasor                           ",IND,"Madhya Pradesh      ",95758
1347,"Damoh                              ",IND,"Madhya Pradesh      ",95661
1348,"Satara                             ",IND,"Maharashtra         ",95133
1349,"Meerut Cantonment                  ",IND,"Uttar Pradesh       ",94876
1350,"Dehri                              ",IND,"Bihar               ",94526
1351,"Delhi Cantonment                   ",IND,"Delhi               ",94326
1352,"Chhindwara                         ",IND,"Madhya Pradesh      ",93731
1353,"Bansberia                          ",IND,"West Bengali        ",93447
1354,"Nagaon                             ",IND,"Assam               ",93350
1355,"Kanpur Cantonment                  ",IND,"Uttar Pradesh       ",93109
1356,"Vidisha                            ",IND,"Madhya Pradesh      ",92917
1357,"Bettiah                            ",IND,"Bihar               ",92583
1358,"Purulia                            ",IND,"Jharkhand           ",92574
1359,"Hassan                             ",IND,"Karnataka           ",90803
1360,"Ambala Sadar                       ",IND,"Haryana             ",90712
1361,"Baidyabati                         ",IND,"West Bengali        ",90601
1362,"Morvi                              ",IND,"Gujarat             ",90357
1363,"Raigarh                            ",IND,"Chhatisgarh         ",89166
1364,"Vejalpur                           ",IND,"Gujarat             ",89053
1365,"Baghdad                            ",IRQ,"Baghdad             ",4336000
1366,"Mosul                              ",IRQ,"Ninawa              ",879000
1367,"Irbil                              ",IRQ,"Irbil               ",485968
1368,"Kirkuk                             ",IRQ,"al-Tamim            ",418624
1369,"Basra                              ",IRQ,"Basra               ",406296
1370,"al-Sulaymaniya                     ",IRQ,"al-Sulaymaniya      ",364096
1371,"al-Najaf                           ",IRQ,"al-Najaf            ",309010
1372,"Karbala                            ",IRQ,"Karbala             ",296705
1373,"al-Hilla                           ",IRQ,"Babil               ",268834
1374,"al-Nasiriya                        ",IRQ,"DhiQar              ",265937
1375,"al-Amara                           ",IRQ,"Maysan              ",208797
1376,"al-Diwaniya                        ",IRQ,"al-Qadisiya         ",196519
1377,"al-Ramadi                          ",IRQ,"al-Anbar            ",192556
1378,"al-Kut                             ",IRQ,"Wasit               ",183183
1379,"Baquba                             ",IRQ,"Diyala              ",114516
1380,"Teheran                            ",IRN,"Teheran             ",6758845
1381,"Mashhad                            ",IRN,"Khorasan            ",1887405
1382,"Esfahan                            ",IRN,"Esfahan             ",1266072
1383,"Tabriz                             ",IRN,"East Azerbaidzan    ",1191043
1384,"Shiraz                             ",IRN,"Fars                ",1053025
1385,"Karaj                              ",IRN,"Teheran             ",940968
1386,"Ahvaz                              ",IRN,"Khuzestan           ",804980
1387,"Qom                                ",IRN,"Qom                 ",777677
1388,"Kermanshah                         ",IRN,"Kermanshah          ",692986
1389,"Urmia                              ",IRN,"West Azerbaidzan    ",435200
1390,"Zahedan                            ",IRN,Sistan va Baluchesta,419518
1391,"Rasht                              ",IRN,"Gilan               ",417748
1392,"Hamadan                            ",IRN,"Hamadan             ",401281
1393,"Kerman                             ",IRN,"Kerman              ",384991
1394,"Arak                               ",IRN,"Markazi             ",380755
1395,"Ardebil                            ",IRN,"Ardebil             ",340386
1396,"Yazd                               ",IRN,"Yazd                ",326776
1397,"Qazvin                             ",IRN,"Qazvin              ",291117
1398,"Zanjan                             ",IRN,"Zanjan              ",286295
1399,"Sanandaj                           ",IRN,"Kordestan           ",277808
1400,"Bandar-e-Abbas                     ",IRN,"Hormozgan           ",273578
1401,"Khorramabad                        ",IRN,"Lorestan            ",272815
1402,"Eslamshahr                         ",IRN,"Teheran             ",265450
1403,"Borujerd                           ",IRN,"Lorestan            ",217804
1404,"Abadan                             ",IRN,"Khuzestan           ",206073
1405,"Dezful                             ",IRN,"Khuzestan           ",202639
1406,"Kashan                             ",IRN,"Esfahan             ",201372
1407,"Sari                               ",IRN,"Mazandaran          ",195882
1408,"Gorgan                             ",IRN,"Golestan            ",188710
1409,"Najafabad                          ",IRN,"Esfahan             ",178498
1410,"Sabzevar                           ",IRN,"Khorasan            ",170738
1411,"Khomeynishahr                      ",IRN,"Esfahan             ",165888
1412,"Amol                               ",IRN,"Mazandaran          ",159092
1413,"Neyshabur                          ",IRN,"Khorasan            ",158847
1414,"Babol                              ",IRN,"Mazandaran          ",158346
1415,"Khoy                               ",IRN,"West Azerbaidzan    ",148944
1416,"Malayer                            ",IRN,"Hamadan             ",144373
1417,"Bushehr                            ",IRN,"Bushehr             ",143641
1418,"Qaemshahr                          ",IRN,"Mazandaran          ",143286
1419,"Qarchak                            ",IRN,"Teheran             ",142690
1420,"Qods                               ",IRN,"Teheran             ",138278
1421,"Sirjan                             ",IRN,"Kerman              ",135024
1422,"Bojnurd                            ",IRN,"Khorasan            ",134835
1423,"Maragheh                           ",IRN,"East Azerbaidzan    ",132318
1424,"Birjand                            ",IRN,"Khorasan            ",127608
1425,"Ilam                               ",IRN,"Ilam                ",126346
1426,"Bukan                              ",IRN,"West Azerbaidzan    ",120020
1427,"Masjed-e-Soleyman                  ",IRN,"Khuzestan           ",116883
1428,"Saqqez                             ",IRN,"Kordestan           ",115394
1429,"Gonbad-e Qabus                     ",IRN,"Mazandaran          ",111253
1430,"Saveh                              ",IRN,"Qom                 ",111245
1431,"Mahabad                            ",IRN,"West Azerbaidzan    ",107799
1432,"Varamin                            ",IRN,"Teheran             ",107233
1433,"Andimeshk                          ",IRN,"Khuzestan           ",106923
1434,"Khorramshahr                       ",IRN,"Khuzestan           ",105636
1435,"Shahrud                            ",IRN,"Semnan              ",104765
1436,"Marv Dasht                         ",IRN,"Fars                ",103579
1437,"Zabol                              ",IRN,Sistan va Baluchesta,100887
1438,"Shahr-e Kord                       ",IRN,Chaharmahal va Bakht,100477
1439,"Bandar-e Anzali                    ",IRN,"Gilan               ",98500
1440,"Rafsanjan                          ",IRN,"Kerman              ",98300
1441,"Marand                             ",IRN,"East Azerbaidzan    ",96400
1442,"Torbat-e Heydariyeh                ",IRN,"Khorasan            ",94600
1443,"Jahrom                             ",IRN,"Fars                ",94200
1444,"Semnan                             ",IRN,"Semnan              ",91045
1445,"Miandoab                           ",IRN,"West Azerbaidzan    ",90100
1446,"Qomsheh                            ",IRN,"Esfahan             ",89800
1447,"Dublin                             ",IRL,"Leinster            ",481854
1448,"Cork                               ",IRL,"Munster             ",127187
1449,"Reykjavﾃｭk                         ",ISL,Hﾃｶfuﾃｰborgarsvﾃｦﾃｰi,109184
1450,"Jerusalem                          ",ISR,"Jerusalem           ",633700
1451,"Tel Aviv-Jaffa                     ",ISR,"Tel Aviv            ",348100
1452,"Haifa                              ",ISR,"Haifa               ",265700
1453,"Rishon Le Ziyyon                   ",ISR,"Ha Merkaz           ",188200
1454,"Beerseba                           ",ISR,"Ha Darom            ",163700
1455,"Holon                              ",ISR,"Tel Aviv            ",163100
1456,"Petah Tiqwa                        ",ISR,"Ha Merkaz           ",159400
1457,"Ashdod                             ",ISR,"Ha Darom            ",155800
1458,"Netanya                            ",ISR,"Ha Merkaz           ",154900
1459,"Bat Yam                            ",ISR,"Tel Aviv            ",137000
1460,"Bene Beraq                         ",ISR,"Tel Aviv            ",133900
1461,"Ramat Gan                          ",ISR,"Tel Aviv            ",126900
1462,"Ashqelon                           ",ISR,"Ha Darom            ",92300
1463,"Rehovot                            ",ISR,"Ha Merkaz           ",90300
1464,"Roma                               ",ITA,"Latium              ",2643581
1465,"Milano                             ",ITA,"Lombardia           ",1300977
1466,"Napoli                             ",ITA,"Campania            ",1002619
1467,"Torino                             ",ITA,"Piemonte            ",903705
1468,"Palermo                            ",ITA,"Sisilia             ",683794
1469,"Genova                             ",ITA,"Liguria             ",636104
1470,"Bologna                            ",ITA,"Emilia-Romagna      ",381161
1471,"Firenze                            ",ITA,"Toscana             ",376662
1472,"Catania                            ",ITA,"Sisilia             ",337862
1473,"Bari                               ",ITA,"Apulia              ",331848
1474,"Venezia                            ",ITA,"Veneto              ",277305
1475,"Messina                            ",ITA,"Sisilia             ",259156
1476,"Verona                             ",ITA,"Veneto              ",255268
1477,"Trieste                            ",ITA,Friuli-Venezia Giuli,216459
1478,"Padova                             ",ITA,"Veneto              ",211391
1479,"Taranto                            ",ITA,"Apulia              ",208214
1480,"Brescia                            ",ITA,"Lombardia           ",191317
1481,"Reggio di Calabria                 ",ITA,"Calabria            ",179617
1482,"Modena                             ",ITA,"Emilia-Romagna      ",176022
1483,"Prato                              ",ITA,"Toscana             ",172473
1484,"Parma                              ",ITA,"Emilia-Romagna      ",168717
1485,"Cagliari                           ",ITA,"Sardinia            ",165926
1486,"Livorno                            ",ITA,"Toscana             ",161673
1487,"Perugia                            ",ITA,"Umbria              ",156673
1488,"Foggia                             ",ITA,"Apulia              ",154891
1489,"Reggio nellﾂｴ Emilia               ",ITA,"Emilia-Romagna      ",143664
1490,"Salerno                            ",ITA,"Campania            ",142055
1491,"Ravenna                            ",ITA,"Emilia-Romagna      ",138418
1492,"Ferrara                            ",ITA,"Emilia-Romagna      ",132127
1493,"Rimini                             ",ITA,"Emilia-Romagna      ",131062
1494,"Syrakusa                           ",ITA,"Sisilia             ",126282
1495,"Sassari                            ",ITA,"Sardinia            ",120803
1496,"Monza                              ",ITA,"Lombardia           ",119516
1497,"Bergamo                            ",ITA,"Lombardia           ",117837
1498,"Pescara                            ",ITA,"Abruzzit            ",115698
1499,"Latina                             ",ITA,"Latium              ",114099
1500,"Vicenza                            ",ITA,"Veneto              ",109738
1501,"Terni                              ",ITA,"Umbria              ",107770
1502,"Forlﾃｬ                             ",ITA,"Emilia-Romagna      ",107475
1503,"Trento                             ",ITA,"Trentino-Alto Adige ",104906
1504,"Novara                             ",ITA,"Piemonte            ",102037
1505,"Piacenza                           ",ITA,"Emilia-Romagna      ",98384
1506,"Ancona                             ",ITA,"Marche              ",98329
1507,"Lecce                              ",ITA,"Apulia              ",98208
1508,"Bolzano                            ",ITA,"Trentino-Alto Adige ",97232
1509,"Catanzaro                          ",ITA,"Calabria            ",96700
1510,"La Spezia                          ",ITA,"Liguria             ",95504
1511,"Udine                              ",ITA,Friuli-Venezia Giuli,94932
1512,"Torre del Greco                    ",ITA,"Campania            ",94505
1513,"Andria                             ",ITA,"Apulia              ",94443
1514,"Brindisi                           ",ITA,"Apulia              ",93454
1515,"Giugliano in Campania              ",ITA,"Campania            ",93286
1516,"Pisa                               ",ITA,"Toscana             ",92379
1517,"Barletta                           ",ITA,"Apulia              ",91904
1518,"Arezzo                             ",ITA,"Toscana             ",91729
1519,"Alessandria                        ",ITA,"Piemonte            ",90289
1520,"Cesena                             ",ITA,"Emilia-Romagna      ",89852
1521,"Pesaro                             ",ITA,"Marche              ",88987
1522,"Dili                               ",TMP,"Dili                ",47900
1523,"Wien                               ",AUT,"Wien                ",1608144
1524,"Graz                               ",AUT,"Steiermark          ",240967
1525,"Linz                               ",AUT,"North Austria       ",188022
1526,"Salzburg                           ",AUT,"Salzburg            ",144247
1527,"Innsbruck                          ",AUT,"Tiroli              ",111752
1528,"Klagenfurt                         ",AUT,"Kﾃ､rnten            ",91141
1529,"Spanish Town                       ",JAM,"St. Catherine       ",110379
1530,"Kingston                           ",JAM,"St. Andrew          ",103962
1531,"Portmore                           ",JAM,"St. Andrew          ",99799
1532,"Tokyo                              ",JPN,"Tokyo-to            ",7980230
1533,"Jokohama [Yokohama]                ",JPN,"Kanagawa            ",3339594
1534,"Osaka                              ",JPN,"Osaka               ",2595674
1535,"Nagoya                             ",JPN,"Aichi               ",2154376
1536,"Sapporo                            ",JPN,"Hokkaido            ",1790886
1537,"Kioto                              ",JPN,"Kyoto               ",1461974
1538,"Kobe                               ",JPN,"Hyogo               ",1425139
1539,"Fukuoka                            ",JPN,"Fukuoka             ",1308379
1540,"Kawasaki                           ",JPN,"Kanagawa            ",1217359
1541,"Hiroshima                          ",JPN,"Hiroshima           ",1119117
1542,"Kitakyushu                         ",JPN,"Fukuoka             ",1016264
1543,"Sendai                             ",JPN,"Miyagi              ",989975
1544,"Chiba                              ",JPN,"Chiba               ",863930
1545,"Sakai                              ",JPN,"Osaka               ",797735
1546,"Kumamoto                           ",JPN,"Kumamoto            ",656734
1547,"Okayama                            ",JPN,"Okayama             ",624269
1548,"Sagamihara                         ",JPN,"Kanagawa            ",586300
1549,"Hamamatsu                          ",JPN,"Shizuoka            ",568796
1550,"Kagoshima                          ",JPN,"Kagoshima           ",549977
1551,"Funabashi                          ",JPN,"Chiba               ",545299
1552,"Higashiosaka                       ",JPN,"Osaka               ",517785
1553,"Hachioji                           ",JPN,"Tokyo-to            ",513451
1554,"Niigata                            ",JPN,"Niigata             ",497464
1555,"Amagasaki                          ",JPN,"Hyogo               ",481434
1556,"Himeji                             ",JPN,"Hyogo               ",475167
1557,"Shizuoka                           ",JPN,"Shizuoka            ",473854
1558,"Urawa                              ",JPN,"Saitama             ",469675
1559,"Matsuyama                          ",JPN,"Ehime               ",466133
1560,"Matsudo                            ",JPN,"Chiba               ",461126
1561,"Kanazawa                           ",JPN,"Ishikawa            ",455386
1562,"Kawaguchi                          ",JPN,"Saitama             ",452155
1563,"Ichikawa                           ",JPN,"Chiba               ",441893
1564,"Omiya                              ",JPN,"Saitama             ",441649
1565,"Utsunomiya                         ",JPN,"Tochigi             ",440353
1566,"Oita                               ",JPN,"Oita                ",433401
1567,"Nagasaki                           ",JPN,"Nagasaki            ",432759
1568,"Yokosuka                           ",JPN,"Kanagawa            ",430200
1569,"Kurashiki                          ",JPN,"Okayama             ",425103
1570,"Gifu                               ",JPN,"Gifu                ",408007
1571,"Hirakata                           ",JPN,"Osaka               ",403151
1572,"Nishinomiya                        ",JPN,"Hyogo               ",397618
1573,"Toyonaka                           ",JPN,"Osaka               ",396689
1574,"Wakayama                           ",JPN,"Wakayama            ",391233
1575,"Fukuyama                           ",JPN,"Hiroshima           ",376921
1576,"Fujisawa                           ",JPN,"Kanagawa            ",372840
1577,"Asahikawa                          ",JPN,"Hokkaido            ",364813
1578,"Machida                            ",JPN,"Tokyo-to            ",364197
1579,"Nara                               ",JPN,"Nara                ",362812
1580,"Takatsuki                          ",JPN,"Osaka               ",361747
1581,"Iwaki                              ",JPN,"Fukushima           ",361737
1582,"Nagano                             ",JPN,"Nagano              ",361391
1583,"Toyohashi                          ",JPN,"Aichi               ",360066
1584,"Toyota                             ",JPN,"Aichi               ",346090
1585,"Suita                              ",JPN,"Osaka               ",345750
1586,"Takamatsu                          ",JPN,"Kagawa              ",332471
1587,"Koriyama                           ",JPN,"Fukushima           ",330335
1588,"Okazaki                            ",JPN,"Aichi               ",328711
1589,"Kawagoe                            ",JPN,"Saitama             ",327211
1590,"Tokorozawa                         ",JPN,"Saitama             ",325809
1591,"Toyama                             ",JPN,"Toyama              ",325790
1592,"Kochi                              ",JPN,"Kochi               ",324710
1593,"Kashiwa                            ",JPN,"Chiba               ",320296
1594,"Akita                              ",JPN,"Akita               ",314440
1595,"Miyazaki                           ",JPN,"Miyazaki            ",303784
1596,"Koshigaya                          ",JPN,"Saitama             ",301446
1597,"Naha                               ",JPN,"Okinawa             ",299851
1598,"Aomori                             ",JPN,"Aomori              ",295969
1599,"Hakodate                           ",JPN,"Hokkaido            ",294788
1600,"Akashi                             ",JPN,"Hyogo               ",292253
1601,"Yokkaichi                          ",JPN,"Mie                 ",288173
1602,"Fukushima                          ",JPN,"Fukushima           ",287525
1603,"Morioka                            ",JPN,"Iwate               ",287353
1604,"Maebashi                           ",JPN,"Gumma               ",284473
1605,"Kasugai                            ",JPN,"Aichi               ",282348
1606,"Otsu                               ",JPN,"Shiga               ",282070
1607,"Ichihara                           ",JPN,"Chiba               ",279280
1608,"Yao                                ",JPN,"Osaka               ",276421
1609,"Ichinomiya                         ",JPN,"Aichi               ",270828
1610,"Tokushima                          ",JPN,"Tokushima           ",269649
1611,"Kakogawa                           ",JPN,"Hyogo               ",266281
1612,"Ibaraki                            ",JPN,"Osaka               ",261020
1613,"Neyagawa                           ",JPN,"Osaka               ",257315
1614,"Shimonoseki                        ",JPN,"Yamaguchi           ",257263
1615,"Yamagata                           ",JPN,"Yamagata            ",255617
1616,"Fukui                              ",JPN,"Fukui               ",254818
1617,"Hiratsuka                          ",JPN,"Kanagawa            ",254207
1618,"Mito                               ",JPN,"Ibaragi             ",246559
1619,"Sasebo                             ",JPN,"Nagasaki            ",244240
1620,"Hachinohe                          ",JPN,"Aomori              ",242979
1621,"Takasaki                           ",JPN,"Gumma               ",239124
1622,"Shimizu                            ",JPN,"Shizuoka            ",239123
1623,"Kurume                             ",JPN,"Fukuoka             ",235611
1624,"Fuji                               ",JPN,"Shizuoka            ",231527
1625,"Soka                               ",JPN,"Saitama             ",222768
1626,"Fuchu                              ",JPN,"Tokyo-to            ",220576
1627,"Chigasaki                          ",JPN,"Kanagawa            ",216015
1628,"Atsugi                             ",JPN,"Kanagawa            ",212407
1629,"Numazu                             ",JPN,"Shizuoka            ",211382
1630,"Ageo                               ",JPN,"Saitama             ",209442
1631,"Yamato                             ",JPN,"Kanagawa            ",208234
1632,"Matsumoto                          ",JPN,"Nagano              ",206801
1633,"Kure                               ",JPN,"Hiroshima           ",206504
1634,"Takarazuka                         ",JPN,"Hyogo               ",205993
1635,"Kasukabe                           ",JPN,"Saitama             ",201838
1636,"Chofu                              ",JPN,"Tokyo-to            ",201585
1637,"Odawara                            ",JPN,"Kanagawa            ",200171
1638,"Kofu                               ",JPN,"Yamanashi           ",199753
1639,"Kushiro                            ",JPN,"Hokkaido            ",197608
1640,"Kishiwada                          ",JPN,"Osaka               ",197276
1641,"Hitachi                            ",JPN,"Ibaragi             ",196622
1642,"Nagaoka                            ",JPN,"Niigata             ",192407
1643,"Itami                              ",JPN,"Hyogo               ",190886
1644,"Uji                                ",JPN,"Kyoto               ",188735
1645,"Suzuka                             ",JPN,"Mie                 ",184061
1646,"Hirosaki                           ",JPN,"Aomori              ",177522
1647,"Ube                                ",JPN,"Yamaguchi           ",175206
1648,"Kodaira                            ",JPN,"Tokyo-to            ",174984
1649,"Takaoka                            ",JPN,"Toyama              ",174380
1650,"Obihiro                            ",JPN,"Hokkaido            ",173685
1651,"Tomakomai                          ",JPN,"Hokkaido            ",171958
1652,"Saga                               ",JPN,"Saga                ",170034
1653,"Sakura                             ",JPN,"Chiba               ",168072
1654,"Kamakura                           ",JPN,"Kanagawa            ",167661
1655,"Mitaka                             ",JPN,"Tokyo-to            ",167268
1656,"Izumi                              ",JPN,"Osaka               ",166979
1657,"Hino                               ",JPN,"Tokyo-to            ",166770
1658,"Hadano                             ",JPN,"Kanagawa            ",166512
1659,"Ashikaga                           ",JPN,"Tochigi             ",165243
1660,"Tsu                                ",JPN,"Mie                 ",164543
1661,"Sayama                             ",JPN,"Saitama             ",162472
1662,"Yachiyo                            ",JPN,"Chiba               ",161222
1663,"Tsukuba                            ",JPN,"Ibaragi             ",160768
1664,"Tachikawa                          ",JPN,"Tokyo-to            ",159430
1665,"Kumagaya                           ",JPN,"Saitama             ",157171
1666,"Moriguchi                          ",JPN,"Osaka               ",155941
1667,"Otaru                              ",JPN,"Hokkaido            ",155784
1668,"Anjo                               ",JPN,"Aichi               ",153823
1669,"Narashino                          ",JPN,"Chiba               ",152849
1670,"Oyama                              ",JPN,"Tochigi             ",152820
1671,"Ogaki                              ",JPN,"Gifu                ",151758
1672,"Matsue                             ",JPN,"Shimane             ",149821
1673,"Kawanishi                          ",JPN,"Hyogo               ",149794
1674,"Hitachinaka                        ",JPN,"Tokyo-to            ",148006
1675,"Niiza                              ",JPN,"Saitama             ",147744
1676,"Nagareyama                         ",JPN,"Chiba               ",147738
1677,"Tottori                            ",JPN,"Tottori             ",147523
1678,"Tama                               ",JPN,"Ibaragi             ",146712
1679,"Iruma                              ",JPN,"Saitama             ",145922
1680,"Ota                                ",JPN,"Gumma               ",145317
1681,"Omuta                              ",JPN,"Fukuoka             ",142889
1682,"Komaki                             ",JPN,"Aichi               ",139827
1683,"Ome                                ",JPN,"Tokyo-to            ",139216
1684,"Kadoma                             ",JPN,"Osaka               ",138953
1685,"Yamaguchi                          ",JPN,"Yamaguchi           ",138210
1686,"Higashimurayama                    ",JPN,"Tokyo-to            ",136970
1687,"Yonago                             ",JPN,"Tottori             ",136461
1688,"Matsubara                          ",JPN,"Osaka               ",135010
1689,"Musashino                          ",JPN,"Tokyo-to            ",134426
1690,"Tsuchiura                          ",JPN,"Ibaragi             ",134072
1691,"Joetsu                             ",JPN,"Niigata             ",133505
1692,"Miyakonojo                         ",JPN,"Miyazaki            ",133183
1693,"Misato                             ",JPN,"Saitama             ",132957
1694,"Kakamigahara                       ",JPN,"Gifu                ",131831
1695,"Daito                              ",JPN,"Osaka               ",130594
1696,"Seto                               ",JPN,"Aichi               ",130470
1697,"Kariya                             ",JPN,"Aichi               ",127969
1698,"Urayasu                            ",JPN,"Chiba               ",127550
1699,"Beppu                              ",JPN,"Oita                ",127486
1700,"Niihama                            ",JPN,"Ehime               ",127207
1701,"Minoo                              ",JPN,"Osaka               ",127026
1702,"Fujieda                            ",JPN,"Shizuoka            ",126897
1703,"Abiko                              ",JPN,"Chiba               ",126670
1704,"Nobeoka                            ",JPN,"Miyazaki            ",125547
1705,"Tondabayashi                       ",JPN,"Osaka               ",125094
1706,"Ueda                               ",JPN,"Nagano              ",124217
1707,"Kashihara                          ",JPN,"Nara                ",124013
1708,"Matsusaka                          ",JPN,"Mie                 ",123582
1709,"Isesaki                            ",JPN,"Gumma               ",123285
1710,"Zama                               ",JPN,"Kanagawa            ",122046
1711,"Kisarazu                           ",JPN,"Chiba               ",121967
1712,"Noda                               ",JPN,"Chiba               ",121030
1713,"Ishinomaki                         ",JPN,"Miyagi              ",120963
1714,"Fujinomiya                         ",JPN,"Shizuoka            ",119714
1715,"Kawachinagano                      ",JPN,"Osaka               ",119666
1716,"Imabari                            ",JPN,"Ehime               ",119357
1717,"Aizuwakamatsu                      ",JPN,"Fukushima           ",119287
1718,"Higashihiroshima                   ",JPN,"Hiroshima           ",119166
1719,"Habikino                           ",JPN,"Osaka               ",118968
1720,"Ebetsu                             ",JPN,"Hokkaido            ",118805
1721,"Hofu                               ",JPN,"Yamaguchi           ",118751
1722,"Kiryu                              ",JPN,"Gumma               ",118326
1723,"Okinawa                            ",JPN,"Okinawa             ",117748
1724,"Yaizu                              ",JPN,"Shizuoka            ",117258
1725,"Toyokawa                           ",JPN,"Aichi               ",115781
1726,"Ebina                              ",JPN,"Kanagawa            ",115571
1727,"Asaka                              ",JPN,"Saitama             ",114815
1728,"Higashikurume                      ",JPN,"Tokyo-to            ",111666
1729,"Ikoma                              ",JPN,"Nara                ",111645
1730,"Kitami                             ",JPN,"Hokkaido            ",111295
1731,"Koganei                            ",JPN,"Tokyo-to            ",110969
1732,"Iwatsuki                           ",JPN,"Saitama             ",110034
1733,"Mishima                            ",JPN,"Shizuoka            ",109699
1734,"Handa                              ",JPN,"Aichi               ",108600
1735,"Muroran                            ",JPN,"Hokkaido            ",108275
1736,"Komatsu                            ",JPN,"Ishikawa            ",107937
1737,"Yatsushiro                         ",JPN,"Kumamoto            ",107661
1738,"Iida                               ",JPN,"Nagano              ",107583
1739,"Tokuyama                           ",JPN,"Yamaguchi           ",107078
1740,"Kokubunji                          ",JPN,"Tokyo-to            ",106996
1741,"Akishima                           ",JPN,"Tokyo-to            ",106914
1742,"Iwakuni                            ",JPN,"Yamaguchi           ",106647
1743,"Kusatsu                            ",JPN,"Shiga               ",106232
1744,"Kuwana                             ",JPN,"Mie                 ",106121
1745,"Sanda                              ",JPN,"Hyogo               ",105643
1746,"Hikone                             ",JPN,"Shiga               ",105508
1747,"Toda                               ",JPN,"Saitama             ",103969
1748,"Tajimi                             ",JPN,"Gifu                ",103171
1749,"Ikeda                              ",JPN,"Osaka               ",102710
1750,"Fukaya                             ",JPN,"Saitama             ",102156
1751,"Ise                                ",JPN,"Mie                 ",101732
1752,"Sakata                             ",JPN,"Yamagata            ",101651
1753,"Kasuga                             ",JPN,"Fukuoka             ",101344
1754,"Kamagaya                           ",JPN,"Chiba               ",100821
1755,"Tsuruoka                           ",JPN,"Yamagata            ",100713
1756,"Hoya                               ",JPN,"Tokyo-to            ",100313
1757,"Nishio                             ",JPN,"Chiba               ",100032
1758,"Tokai                              ",JPN,"Aichi               ",99738
1759,"Inazawa                            ",JPN,"Aichi               ",98746
1760,"Sakado                             ",JPN,"Saitama             ",98221
1761,"Isehara                            ",JPN,"Kanagawa            ",98123
1762,"Takasago                           ",JPN,"Hyogo               ",97632
1763,"Fujimi                             ",JPN,"Saitama             ",96972
1764,"Urasoe                             ",JPN,"Okinawa             ",96002
1765,"Yonezawa                           ",JPN,"Yamagata            ",95592
1766,"Konan                              ",JPN,"Aichi               ",95521
1767,"Yamatokoriyama                     ",JPN,"Nara                ",95165
1768,"Maizuru                            ",JPN,"Kyoto               ",94784
1769,"Onomichi                           ",JPN,"Hiroshima           ",93756
1770,"Higashimatsuyama                   ",JPN,"Saitama             ",93342
1771,"Kimitsu                            ",JPN,"Chiba               ",93216
1772,"Isahaya                            ",JPN,"Nagasaki            ",93058
1773,"Kanuma                             ",JPN,"Tochigi             ",93053
1774,"Izumisano                          ",JPN,"Osaka               ",92583
1775,"Kameoka                            ",JPN,"Kyoto               ",92398
1776,"Mobara                             ",JPN,"Chiba               ",91664
1777,"Narita                             ",JPN,"Chiba               ",91470
1778,"Kashiwazaki                        ",JPN,"Niigata             ",91229
1779,"Tsuyama                            ",JPN,"Okayama             ",91170
1780,"Sanaa                              ",YEM,"Sanaa               ",503600
1781,"Aden                               ",YEM,"Aden                ",398300
1782,"Taizz                              ",YEM,"Taizz               ",317600
1783,"Hodeida                            ",YEM,"Hodeida             ",298500
1784,"al-Mukalla                         ",YEM,"Hadramawt           ",122400
1785,"Ibb                                ",YEM,"Ibb                 ",103300
1786,"Amman                              ",JOR,"Amman               ",1000000
1787,"al-Zarqa                           ",JOR,"al-Zarqa            ",389815
1788,"Irbid                              ",JOR,"Irbid               ",231511
1789,"al-Rusayfa                         ",JOR,"al-Zarqa            ",137247
1790,"Wadi al-Sir                        ",JOR,"Amman               ",89104
1791,"Flying Fish Cove                   ",CXR,"窶・                ",700
1792,"Beograd                            ",YUG,"Central Serbia      ",1204000
1793,"Novi Sad                           ",YUG,"Vojvodina           ",179626
1794,"Niﾅ｡                               ",YUG,"Central Serbia      ",175391
1795,"Priﾅ｡tina                          ",YUG,"Kosovo and Metohija ",155496
1796,"Kragujevac                         ",YUG,"Central Serbia      ",147305
1797,"Podgorica                          ",YUG,"Montenegro          ",135000
1798,"Subotica                           ",YUG,"Vojvodina           ",100386
1799,"Prizren                            ",YUG,"Kosovo and Metohija ",92303
1800,"Phnom Penh                         ",KHM,"Phnom Penh          ",570155
1801,"Battambang                         ",KHM,"Battambang          ",129800
1802,"Siem Reap                          ",KHM,"Siem Reap           ",105100
1803,"Douala                             ",CMR,"Littoral            ",1448300
1804,"Yaoundﾃｩ                           ",CMR,"Centre              ",1372800
1805,"Garoua                             ",CMR,"Nord                ",177000
1806,"Maroua                             ",CMR,"Extrﾃｪme-Nord       ",143000
1807,"Bamenda                            ",CMR,"Nord-Ouest          ",138000
1808,"Bafoussam                          ",CMR,"Ouest               ",131000
1809,"Nkongsamba                         ",CMR,"Littoral            ",112454
1810,"Montrﾃｩal                          ",CAN,"Quﾃｩbec             ",1016376
1811,"Calgary                            ",CAN,"Alberta             ",768082
1812,"Toronto                            ",CAN,"Ontario             ",688275
1813,"North York                         ",CAN,"Ontario             ",622632
1814,"Winnipeg                           ",CAN,"Manitoba            ",618477
1815,"Edmonton                           ",CAN,"Alberta             ",616306
1816,"Mississauga                        ",CAN,"Ontario             ",608072
1817,"Scarborough                        ",CAN,"Ontario             ",594501
1818,"Vancouver                          ",CAN,"British Colombia    ",514008
1819,"Etobicoke                          ",CAN,"Ontario             ",348845
1820,"London                             ",CAN,"Ontario             ",339917
1821,"Hamilton                           ",CAN,"Ontario             ",335614
1822,"Ottawa                             ",CAN,"Ontario             ",335277
1823,"Laval                              ",CAN,"Quﾃｩbec             ",330393
1824,"Surrey                             ",CAN,"British Colombia    ",304477
1825,"Brampton                           ",CAN,"Ontario             ",296711
1826,"Windsor                            ",CAN,"Ontario             ",207588
1827,"Saskatoon                          ",CAN,"Saskatchewan        ",193647
1828,"Kitchener                          ",CAN,"Ontario             ",189959
1829,"Markham                            ",CAN,"Ontario             ",189098
1830,"Regina                             ",CAN,"Saskatchewan        ",180400
1831,"Burnaby                            ",CAN,"British Colombia    ",179209
1832,"Quﾃｩbec                            ",CAN,"Quﾃｩbec             ",167264
1833,"York                               ",CAN,"Ontario             ",154980
1834,"Richmond                           ",CAN,"British Colombia    ",148867
1835,"Vaughan                            ",CAN,"Ontario             ",147889
1836,"Burlington                         ",CAN,"Ontario             ",145150
1837,"Oshawa                             ",CAN,"Ontario             ",140173
1838,"Oakville                           ",CAN,"Ontario             ",139192
1839,"Saint Catharines                   ",CAN,"Ontario             ",136216
1840,"Longueuil                          ",CAN,"Quﾃｩbec             ",127977
1841,"Richmond Hill                      ",CAN,"Ontario             ",116428
1842,"Thunder Bay                        ",CAN,"Ontario             ",115913
1843,"Nepean                             ",CAN,"Ontario             ",115100
1844,"Cape Breton                        ",CAN,"Nova Scotia         ",114733
1845,"East York                          ",CAN,"Ontario             ",114034
1846,"Halifax                            ",CAN,"Nova Scotia         ",113910
1847,"Cambridge                          ",CAN,"Ontario             ",109186
1848,"Gloucester                         ",CAN,"Ontario             ",107314
1849,"Abbotsford                         ",CAN,"British Colombia    ",105403
1850,"Guelph                             ",CAN,"Ontario             ",103593
1851,"Saint Johnﾂｴs                      ",CAN,"Newfoundland        ",101936
1852,"Coquitlam                          ",CAN,"British Colombia    ",101820
1853,"Saanich                            ",CAN,"British Colombia    ",101388
1854,"Gatineau                           ",CAN,"Quﾃｩbec             ",100702
1855,"Delta                              ",CAN,"British Colombia    ",95411
1856,"Sudbury                            ",CAN,"Ontario             ",92686
1857,"Kelowna                            ",CAN,"British Colombia    ",89442
1858,"Barrie                             ",CAN,"Ontario             ",89269
1859,"Praia                              ",CPV,"Sﾃ｣o Tiago          ",94800
1860,"Almaty                             ",KAZ,"Almaty Qalasy       ",1129400
1861,"Qaraghandy                         ",KAZ,"Qaraghandy          ",436900
1862,"Shymkent                           ",KAZ,"South Kazakstan     ",360100
1863,"Taraz                              ",KAZ,"Taraz               ",330100
1864,"Astana                             ",KAZ,"Astana              ",311200
1865,"ﾃ穆kemen                           ",KAZ,"East Kazakstan      ",311000
1866,"Pavlodar                           ",KAZ,"Pavlodar            ",300500
1867,"Semey                              ",KAZ,"East Kazakstan      ",269600
1868,"Aqtﾃｶbe                            ",KAZ,"Aqtﾃｶbe             ",253100
1869,"Qostanay                           ",KAZ,"Qostanay            ",221400
1870,"Petropavl                          ",KAZ,"North Kazakstan     ",203500
1871,"Oral                               ",KAZ,"West Kazakstan      ",195500
1872,"Temirtau                           ",KAZ,"Qaraghandy          ",170500
1873,"Qyzylorda                          ",KAZ,"Qyzylorda           ",157400
1874,"Aqtau                              ",KAZ,"Mangghystau         ",143400
1875,"Atyrau                             ",KAZ,"Atyrau              ",142500
1876,"Ekibastuz                          ",KAZ,"Pavlodar            ",127200
1877,"Kﾃｶkshetau                         ",KAZ,"North Kazakstan     ",123400
1878,"Rudnyy                             ",KAZ,"Qostanay            ",109500
1879,"Taldyqorghan                       ",KAZ,"Almaty              ",98000
1880,"Zhezqazghan                        ",KAZ,"Qaraghandy          ",90000
1881,"Nairobi                            ",KEN,"Nairobi             ",2290000
1882,"Mombasa                            ",KEN,"Coast               ",461753
1883,"Kisumu                             ",KEN,"Nyanza              ",192733
1884,"Nakuru                             ",KEN,"Rift Valley         ",163927
1885,"Machakos                           ",KEN,"Eastern             ",116293
1886,"Eldoret                            ",KEN,"Rift Valley         ",111882
1887,"Meru                               ",KEN,"Eastern             ",94947
1888,"Nyeri                              ",KEN,"Central             ",91258
1889,"Bangui                             ",CAF,"Bangui              ",524000
1890,"Shanghai                           ",CHN,"Shanghai            ",9696300
1891,"Peking                             ",CHN,"Peking              ",7472000
1892,"Chongqing                          ",CHN,"Chongqing           ",6351600
1893,"Tianjin                            ",CHN,"Tianjin             ",5286800
1894,"Wuhan                              ",CHN,"Hubei               ",4344600
1895,"Harbin                             ",CHN,"Heilongjiang        ",4289800
1896,"Shenyang                           ",CHN,"Liaoning            ",4265200
1897,"Kanton [Guangzhou]                 ",CHN,"Guangdong           ",4256300
1898,"Chengdu                            ",CHN,"Sichuan             ",3361500
1899,"Nanking [Nanjing]                  ",CHN,"Jiangsu             ",2870300
1900,"Changchun                          ",CHN,"Jilin               ",2812000
1901,"Xiﾂｴan                             ",CHN,"Shaanxi             ",2761400
1902,"Dalian                             ",CHN,"Liaoning            ",2697000
1903,"Qingdao                            ",CHN,"Shandong            ",2596000
1904,"Jinan                              ",CHN,"Shandong            ",2278100
1905,"Hangzhou                           ",CHN,"Zhejiang            ",2190500
1906,"Zhengzhou                          ",CHN,"Henan               ",2107200
1907,"Shijiazhuang                       ",CHN,"Hebei               ",2041500
1908,"Taiyuan                            ",CHN,"Shanxi              ",1968400
1909,"Kunming                            ",CHN,"Yunnan              ",1829500
1910,"Changsha                           ",CHN,"Hunan               ",1809800
1911,"Nanchang                           ",CHN,"Jiangxi             ",1691600
1912,"Fuzhou                             ",CHN,"Fujian              ",1593800
1913,"Lanzhou                            ",CHN,"Gansu               ",1565800
1914,"Guiyang                            ",CHN,"Guizhou             ",1465200
1915,"Ningbo                             ",CHN,"Zhejiang            ",1371200
1916,"Hefei                              ",CHN,"Anhui               ",1369100
1917,"Urumtﾅ｡i [ﾃ徨ﾃｼmqi]                ",CHN,"Xinxiang            ",1310100
1918,"Anshan                             ",CHN,"Liaoning            ",1200000
1919,"Fushun                             ",CHN,"Liaoning            ",1200000
1920,"Nanning                            ",CHN,"Guangxi             ",1161800
1921,"Zibo                               ",CHN,"Shandong            ",1140000
1922,"Qiqihar                            ",CHN,"Heilongjiang        ",1070000
1923,"Jilin                              ",CHN,"Jilin               ",1040000
1924,"Tangshan                           ",CHN,"Hebei               ",1040000
1925,"Baotou                             ",CHN,"Inner Mongolia      ",980000
1926,"Shenzhen                           ",CHN,"Guangdong           ",950500
1927,"Hohhot                             ",CHN,"Inner Mongolia      ",916700
1928,"Handan                             ",CHN,"Hebei               ",840000
1929,"Wuxi                               ",CHN,"Jiangsu             ",830000
1930,"Xuzhou                             ",CHN,"Jiangsu             ",810000
1931,"Datong                             ",CHN,"Shanxi              ",800000
1932,"Yichun                             ",CHN,"Heilongjiang        ",800000
1933,"Benxi                              ",CHN,"Liaoning            ",770000
1934,"Luoyang                            ",CHN,"Henan               ",760000
1935,"Suzhou                             ",CHN,"Jiangsu             ",710000
1936,"Xining                             ",CHN,"Qinghai             ",700200
1937,"Huainan                            ",CHN,"Anhui               ",700000
1938,"Jixi                               ",CHN,"Heilongjiang        ",683885
1939,"Daqing                             ",CHN,"Heilongjiang        ",660000
1940,"Fuxin                              ",CHN,"Liaoning            ",640000
1941,"Amoy [Xiamen]                      ",CHN,"Fujian              ",627500
1942,"Liuzhou                            ",CHN,"Guangxi             ",610000
1943,"Shantou                            ",CHN,"Guangdong           ",580000
1944,"Jinzhou                            ",CHN,"Liaoning            ",570000
1945,"Mudanjiang                         ",CHN,"Heilongjiang        ",570000
1946,"Yinchuan                           ",CHN,"Ningxia             ",544500
1947,"Changzhou                          ",CHN,"Jiangsu             ",530000
1948,"Zhangjiakou                        ",CHN,"Hebei               ",530000
1949,"Dandong                            ",CHN,"Liaoning            ",520000
1950,"Hegang                             ",CHN,"Heilongjiang        ",520000
1951,"Kaifeng                            ",CHN,"Henan               ",510000
1952,"Jiamusi                            ",CHN,"Heilongjiang        ",493409
1953,"Liaoyang                           ",CHN,"Liaoning            ",492559
1954,"Hengyang                           ",CHN,"Hunan               ",487148
1955,"Baoding                            ",CHN,"Hebei               ",483155
1956,"Hunjiang                           ",CHN,"Jilin               ",482043
1957,"Xinxiang                           ",CHN,"Henan               ",473762
1958,"Huangshi                           ",CHN,"Hubei               ",457601
1959,"Haikou                             ",CHN,"Hainan              ",454300
1960,"Yantai                             ",CHN,"Shandong            ",452127
1961,"Bengbu                             ",CHN,"Anhui               ",449245
1962,"Xiangtan                           ",CHN,"Hunan               ",441968
1963,"Weifang                            ",CHN,"Shandong            ",428522
1964,"Wuhu                               ",CHN,"Anhui               ",425740
1965,"Pingxiang                          ",CHN,"Jiangxi             ",425579
1966,"Yingkou                            ",CHN,"Liaoning            ",421589
1967,"Anyang                             ",CHN,"Henan               ",420332
1968,"Panzhihua                          ",CHN,"Sichuan             ",415466
1969,"Pingdingshan                       ",CHN,"Henan               ",410775
1970,"Xiangfan                           ",CHN,"Hubei               ",410407
1971,"Zhuzhou                            ",CHN,"Hunan               ",409924
1972,"Jiaozuo                            ",CHN,"Henan               ",409100
1973,"Wenzhou                            ",CHN,"Zhejiang            ",401871
1974,"Zhangjiang                         ",CHN,"Guangdong           ",400997
1975,"Zigong                             ",CHN,"Sichuan             ",393184
1976,"Shuangyashan                       ",CHN,"Heilongjiang        ",386081
1977,"Zaozhuang                          ",CHN,"Shandong            ",380846
1978,"Yakeshi                            ",CHN,"Inner Mongolia      ",377869
1979,"Yichang                            ",CHN,"Hubei               ",371601
1980,"Zhenjiang                          ",CHN,"Jiangsu             ",368316
1981,"Huaibei                            ",CHN,"Anhui               ",366549
1982,"Qinhuangdao                        ",CHN,"Hebei               ",364972
1983,"Guilin                             ",CHN,"Guangxi             ",364130
1984,"Liupanshui                         ",CHN,"Guizhou             ",363954
1985,"Panjin                             ",CHN,"Liaoning            ",362773
1986,"Yangquan                           ",CHN,"Shanxi              ",362268
1987,"Jinxi                              ",CHN,"Liaoning            ",357052
1988,"Liaoyuan                           ",CHN,"Jilin               ",354141
1989,"Lianyungang                        ",CHN,"Jiangsu             ",354139
1990,"Xianyang                           ",CHN,"Shaanxi             ",352125
1991,"Taiﾂｴan                            ",CHN,"Shandong            ",350696
1992,"Chifeng                            ",CHN,"Inner Mongolia      ",350077
1993,"Shaoguan                           ",CHN,"Guangdong           ",350043
1994,"Nantong                            ",CHN,"Jiangsu             ",343341
1995,"Leshan                             ",CHN,"Sichuan             ",341128
1996,"Baoji                              ",CHN,"Shaanxi             ",337765
1997,"Linyi                              ",CHN,"Shandong            ",324720
1998,"Tonghua                            ",CHN,"Jilin               ",324600
1999,"Siping                             ",CHN,"Jilin               ",317223
2000,"Changzhi                           ",CHN,"Shanxi              ",317144
3539,"Caracas                            ",VEN,"Distrito Federal    ",1975294
4001,"Gilbert                            ",USA,"Arizona             ",109697
4002,"Carrollton                         ",USA,"Texas               ",109576
4003,"Bellevue                           ",USA,"Washington          ",109569
4004,"West Valley City                   ",USA,"Utah                ",108896
4005,"Clarksville                        ",USA,"Tennessee           ",108787
4006,"Costa Mesa                         ",USA,"California          ",108724
4007,"Peoria                             ",USA,"Arizona             ",108364
4008,"South Bend                         ",USA,"Indiana             ",107789
4009,"Downey                             ",USA,"California          ",107323
4010,"Waterbury                          ",USA,"Connecticut         ",107271
4011,"Manchester                         ",USA,"New Hampshire       ",107006
4012,"Allentown                          ",USA,"Pennsylvania        ",106632
4013,"McAllen                            ",USA,"Texas               ",106414
4014,"Joliet                             ",USA,"Illinois            ",106221
4015,"Lowell                             ",USA,"Massachusetts       ",105167
4016,"Provo                              ",USA,"Utah                ",105166
4017,"West Covina                        ",USA,"California          ",105080
4018,"Wichita Falls                      ",USA,"Texas               ",104197
4019,"Erie                               ",USA,"Pennsylvania        ",103717
4020,"Daly City                          ",USA,"California          ",103621
4021,"Citrus Heights                     ",USA,"California          ",103455
4022,"Norwalk                            ",USA,"California          ",103298
4023,"Gary                               ",USA,"Indiana             ",102746
4024,"Berkeley                           ",USA,"California          ",102743
4025,"Santa Clara                        ",USA,"California          ",102361
4026,"Green Bay                          ",USA,"Wisconsin           ",102313
4027,"Cape Coral                         ",USA,"Florida             ",102286
4028,"Arvada                             ",USA,"Colorado            ",102153
4029,"Pueblo                             ",USA,"Colorado            ",102121
4030,"Sandy                              ",USA,"Utah                ",101853
4031,"Athens-Clarke County               ",USA,"Georgia             ",101489
4032,"Cambridge                          ",USA,"Massachusetts       ",101355
4033,"Westminster                        ",USA,"Colorado            ",100940
4034,"San Buenaventura                   ",USA,"California          ",100916
4035,"Portsmouth                         ",USA,"Virginia            ",100565
4036,"Livonia                            ",USA,"Michigan            ",100545
4037,"Burbank                            ",USA,"California          ",100316
4038,"Clearwater                         ",USA,"Florida             ",99936
4039,"Midland                            ",USA,"Texas               ",98293
4040,"Davenport                          ",USA,"Iowa                ",98256
4041,"Mission Viejo                      ",USA,"California          ",98049
4042,"Miami Beach                        ",USA,"Florida             ",97855
4043,"Sunrise Manor                      ",USA,"Nevada              ",95362
4044,"New Bedford                        ",USA,"Massachusetts       ",94780
4045,"El Cajon                           ",USA,"California          ",94578
4046,"Norman                             ",USA,"Oklahoma            ",94193
4047,"Richmond                           ",USA,"California          ",94100
4048,"Albany                             ",USA,"New York            ",93994
4049,"Brockton                           ",USA,"Massachusetts       ",93653
4050,"Roanoke                            ",USA,"Virginia            ",93357
4051,"Billings                           ",USA,"Montana             ",92988
4052,"Compton                            ",USA,"California          ",92864
4053,"Gainesville                        ",USA,"Florida             ",92291
4054,"Fairfield                          ",USA,"California          ",92256
4055,"Arden-Arcade                       ",USA,"California          ",92040
4056,"San Mateo                          ",USA,"California          ",91799
4057,"Visalia                            ",USA,"California          ",91762
4058,"Boulder                            ",USA,"Colorado            ",91238
4059,"Cary                               ",USA,"North Carolina      ",91213
4060,"Santa Monica                       ",USA,"California          ",91084
4061,"Fall River                         ",USA,"Massachusetts       ",90555
4062,"Kenosha                            ",USA,"Wisconsin           ",89447
4063,"Elgin                              ",USA,"Illinois            ",89408
4064,"Odessa                             ",USA,"Texas               ",89293
4065,"Carson                             ",USA,"California          ",89089
4066,"Charleston                         ",USA,"South Carolina      ",89063
4067,"Charlotte Amalie                   ",VIR,"St Thomas           ",13000
4068,"Harare                             ",ZWE,"Harare              ",1410000
4069,"Bulawayo                           ",ZWE,"Bulawayo            ",621742
4070,"Chitungwiza                        ",ZWE,"Harare              ",274912
4071,"Mount Darwin                       ",ZWE,"Harare              ",164362
4072,"Mutare                             ",ZWE,"Manicaland          ",131367
4073,"Gweru                              ",ZWE,"Midlands            ",128037
4074,"Gaza                               ",PSE,"Gaza                ",353632
4075,"Khan Yunis                         ",PSE,"Khan Yunis          ",123175
4076,"Hebron                             ",PSE,"Hebron              ",119401
4077,"Jabaliya                           ",PSE,"North Gaza          ",113901
4078,"Nablus                             ",PSE,"Nablus              ",100231
4079,"Rafah                              ",PSE,"Rafah               ",92020
